player_name,Offense,Defense,Total,nba_id,off rk,def rk,tot rk
Nikola Jokic,6.5,2.3,8.8,203999,1,20,1
Joel Embiid,3.5,3.5,7.0,203954,16,3,2
Kyrie Irving,5.3,0.9,6.2,202681,3,96,3
Jayson Tatum,4.2,1.7,5.9,1628369,5,38,4
Giannis Antetokounmpo,3.9,1.8,5.7,203507,9,34,5
Devin Booker,5.5,0.1,5.6,1626164,2,190,6
Anthony Edwards,3.5,2.0,5.5,1630162,16,28,7
Paul George,3.2,2.2,5.4,202331,21,23,8
Chet Holmgren,3.5,1.8,5.3,1631096,16,34,9
Shai Gilgeous-Alexander,3.8,1.4,5.2,1628983,11,54,10
Kawhi Leonard,2.1,3.0,5.1,202695,45,7,11
Donovan Mitchell,3.3,1.7,5.0,1628378,19,38,12
LeBron James,3.8,1.2,5.0,2544,11,67,12
Franz Wagner,1.8,2.9,4.7,1630532,56,8,14
Stephen Curry,3.7,0.9,4.6,201939,13,96,16
Steven Adams,3.8,0.8,4.6,203500,11,106,16
Jrue Holiday,2.8,1.8,4.6,201950,28,34,16
Luka Doncic,3.7,0.8,4.5,1629029,13,106,18
Jalen Brunson,4.7,-0.2,4.5,1628973,4,233,18
Derrick White,1.6,2.8,4.4,1628401,66,10,20
Myles Turner,3.0,1.2,4.2,1626167,24,67,22
Damian Lillard,4.0,0.2,4.2,203081,7,178,22
Sam Hauser,1.9,2.3,4.2,1630573,53,20,22
Jimmy Butler,3.1,1.0,4.1,202710,22,83,24
Draymond Green,0.0,4.1,4.1,203110,162,1,24
Fred VanVleet,2.0,2.0,4.0,1627832,50,28,26
Brandin Podziemski,2.8,1.0,3.8,1641764,28,83,27
OG Anunoby,0.8,2.9,3.7,1628384,100,8,28
Herbert Jones,1.5,2.1,3.6,1630529,69,25,30
Kevin Durant,2.7,0.9,3.6,201142,33,96,30
Dereck Lively II,3.3,0.3,3.6,1641726,19,165,30
Isaiah Hartenstein,2.8,0.6,3.4,1628392,28,124,32
Darius Garland,2.7,0.6,3.3,1629636,33,124,34
Anthony Davis,0.0,3.3,3.3,203076,162,5,34
Bogdan Bogdanovic,2.8,0.5,3.3,203992,28,136,34
Ja Morant,2.4,0.8,3.2,1629630,39,106,37
Jock Landale,1.7,1.5,3.2,1629111,61,46,37
Kevin Huerter,3.4,-0.2,3.2,1628989,18,233,37
Dean Wade,-0.9,4.1,3.2,1629731,261,1,37
Desmond Bane,2.0,1.1,3.1,1630217,50,73,40
Kevon Looney,2.2,0.9,3.1,1626172,41,96,40
Immanuel Quickley,-0.1,3.1,3.0,1630193,172,6,42
Jose Alvarado,0.6,2.4,3.0,1630631,119,17,42
Tyler Herro,2.7,0.1,2.8,1629639,33,190,46
De'Anthony Melton,1.7,1.1,2.8,1629001,61,73,46
Gary Payton II,1.7,1.1,2.8,1627780,61,73,46
Lauri Markkanen,2.9,-0.1,2.8,1628374,25,216,46
Aaron Gordon,1.3,1.5,2.8,203932,78,46,46
Tari Eason,0.7,2.0,2.7,1631106,108,28,50
Mikal Bridges,1.3,1.4,2.7,1628969,78,54,50
Obi Toppin,2.8,-0.1,2.7,1630167,28,216,50
Tyrese Maxey,3.1,-0.5,2.6,1630178,22,281,53
Tyrese Haliburton,4.0,-1.4,2.6,1630169,7,464,53
Dillon Brooks,-0.1,2.7,2.6,1628415,172,13,53
Zion Williamson,1.4,1.2,2.6,1629627,73,67,53
LaMelo Ball,4.0,-1.5,2.5,1630163,7,492,57
Mitchell Robinson,2.3,0.2,2.5,1629011,40,178,57
Delon Wright,0.7,1.8,2.5,1626153,108,34,57
Isaiah Joe,2.1,0.3,2.4,1630198,45,165,60
Monte Morris,2.5,-0.1,2.4,1628420,37,216,60
Pascal Siakam,2.6,-0.2,2.4,1627783,35,233,60
Tre Jones,2.1,0.2,2.3,1630200,45,178,63
Victor Wembanyama,-0.2,2.5,2.3,1641705,184,15,63
Robert Williams III,0.3,2.0,2.3,1629057,145,28,63
De'Aaron Fox,2.5,-0.2,2.3,1628368,37,233,63
Jarrett Allen,1.2,1.0,2.2,1628386,82,83,67
Michael Porter Jr.,2.1,0.1,2.2,1629008,45,190,67
Jusuf Nurkic,0.6,1.6,2.2,203994,119,41,67
Al Horford,1.0,1.2,2.2,201143,90,67,67
Jordan McLaughlin,-0.1,2.2,2.1,1629162,172,23,71
Josh Hart,1.1,1.0,2.1,1628404,86,83,71
Joe Ingles,1.5,0.6,2.1,204060,69,124,71
Kenrich Williams,-0.2,2.3,2.1,1629026,184,20,71
Dante Exum,1.3,0.7,2.0,203957,78,115,74
Julius Randle,1.9,0.1,2.0,203944,53,190,74
Deni Avdija,1.2,0.7,1.9,1630166,82,115,77
Brandon Ingram,0.9,1.0,1.9,1627742,96,83,77
Clint Capela,1.0,0.9,1.9,203991,90,96,77
Kristaps Porzingis,0.5,1.4,1.9,204001,128,54,77
Rudy Gobert,-0.9,2.7,1.8,203497,261,13,80
Jaime Jaquez Jr.,1.0,0.7,1.7,1631170,90,115,84
Naji Marshall,0.4,1.3,1.7,1630230,136,61,84
Austin Reaves,1.3,0.4,1.7,1630559,78,151,84
Karl-Anthony Towns,1.7,-0.0,1.7,1626157,61,203,84
DeMar DeRozan,1.6,0.1,1.7,201942,66,190,84
Goga Bitadze,1.4,0.3,1.7,1629048,73,165,84
Luke Kennard,1.4,0.3,1.7,1628379,73,165,84
Javonte Green,1.1,0.5,1.6,1629750,86,136,88
Chris Paul,0.1,1.5,1.6,101108,155,46,88
Trey Lyles,1.7,-0.2,1.5,1626168,61,233,91
Keegan Murray,1.5,-0.0,1.5,1631099,69,203,91
Jalen Williams,0.5,1.0,1.5,1631114,128,83,91
Nickeil Alexander-Walker,0.5,1.0,1.5,1629638,128,83,91
Alperen Sengun,1.9,-0.5,1.4,1630578,53,281,98
Paolo Banchero,1.4,-0.0,1.4,1631094,73,203,98
Payton Pritchard,2.1,-0.7,1.4,1630202,45,307,98
Jonathan Isaac,-1.4,2.8,1.4,1628371,307,10,98
Domantas Sabonis,0.9,0.5,1.4,1627734,96,136,98
Gabe Vincent,0.0,1.4,1.4,1629216,162,54,98
Marcus Smart,0.0,1.4,1.4,203935,162,54,98
James Harden,2.8,-1.4,1.4,201935,28,464,98
Mike Conley,1.0,0.4,1.4,201144,90,151,98
Chris Boucher,0.2,1.1,1.3,1628449,151,73,103
Alex Caruso,-2.1,3.4,1.3,1627936,388,4,103
D'Angelo Russell,1.6,-0.4,1.2,1626156,66,266,105
Kris Dunn,2.0,-0.8,1.2,1627739,50,328,105
Dyson Daniels,0.5,0.6,1.1,1630700,128,124,109
Isaac Okoro,0.6,0.5,1.1,1630171,119,136,109
Jaden McDaniels,0.6,0.5,1.1,1630183,119,136,109
Ben Sheppard,1.7,-0.6,1.1,1641767,61,292,109
Luguentz Dort,0.7,0.4,1.1,1629652,108,151,109
Jamal Murray,1.7,-0.6,1.1,1627750,61,292,109
Jaren Jackson Jr.,0.0,1.0,1.0,1628991,162,83,115
Coby White,2.6,-1.6,1.0,1629632,35,518,115
Aaron Holiday,-0.5,1.5,1.0,1628988,223,46,115
Brook Lopez,-1.4,2.4,1.0,201572,307,17,115
Wendell Carter Jr.,-0.4,1.4,1.0,1628976,207,54,115
Royce O'Neale,-0.4,1.4,1.0,1626220,207,54,115
Paul Reed,1.1,-0.2,0.9,1630194,86,233,120
Cason Wallace,-0.4,1.3,0.9,1641717,207,61,120
Brandon Clarke,-0.6,1.5,0.9,1629634,238,46,120
Dejounte Murray,1.3,-0.5,0.8,1627749,78,281,123
Jakob Poeltl,0.7,0.1,0.8,1627751,108,190,123
Larry Nance Jr.,-0.5,1.3,0.8,1626204,223,61,123
Bam Adebayo,-1.6,2.4,0.8,1628389,328,17,123
Moritz Wagner,0.7,-0.0,0.7,1629021,108,203,127
Kentavious Caldwell-Pope,0.3,0.4,0.7,203484,145,151,127
Onyeka Okongwu,1.5,-0.8,0.7,1630168,69,328,127
Aaron Wiggins,0.8,-0.2,0.6,1630598,100,233,132
Derrick Jones Jr.,-1.2,1.8,0.6,1627884,288,34,132
Max Strus,0.4,0.2,0.6,1629622,136,178,132
T.J. McConnell,0.6,-0.0,0.6,204456,119,203,132
Khris Middleton,0.8,-0.2,0.6,203114,100,233,132
Anthony Gill,0.9,-0.3,0.6,1630264,96,250,132
Kyle Lowry,-0.7,1.3,0.6,200768,247,61,132
Bones Hyland,1.9,-1.3,0.6,1630538,53,438,132
Jaylen Brown,-0.1,0.6,0.5,1627759,172,124,139
Jalen Suggs,-0.5,1.0,0.5,1630591,223,83,139
Nikola Jovic,-0.3,0.8,0.5,1631107,196,106,139
P.J. Washington,0.0,0.5,0.5,1629023,162,136,139
Spencer Dinwiddie,0.8,-0.3,0.5,203915,100,250,139
Montrezl Harrell,-0.5,1.0,0.5,1626149,223,83,139
Scottie Barnes,0.3,0.1,0.4,1630567,145,190,145
Jalen Duren,0.3,0.1,0.4,1631105,145,190,145
Walker Kessler,0.1,0.3,0.4,1631117,155,165,145
Caleb Martin,-0.1,0.5,0.4,1628997,172,136,145
Dorian Finney-Smith,-0.5,0.9,0.4,1627827,223,96,145
Dwight Powell,0.5,-0.1,0.4,203939,128,216,145
Cade Cunningham,0.6,-0.3,0.3,1630595,119,250,151
Trae Young,2.1,-1.8,0.3,1629027,45,581,151
Nicolas Batum,-0.1,0.4,0.3,201587,172,151,151
Andre Drummond,-0.2,0.5,0.3,203083,184,136,151
John Konchar,-0.6,0.9,0.3,1629723,238,96,151
Kevin Porter Jr.,0.7,-0.5,0.2,1629645,108,281,159
Svi Mykhailiuk,-0.2,0.4,0.2,1629004,184,151,159
Day'Ron Sharpe,0.5,-0.3,0.2,1630549,128,250,159
Josh Green,0.9,-0.7,0.2,1630182,96,307,159
Jalen Smith,0.9,-0.7,0.2,1630188,96,307,159
Miles McBride,-0.8,1.0,0.2,1630540,254,83,159
Ochai Agbaji,0.5,-0.3,0.2,1630534,128,250,159
Miles Bridges,1.2,-1.0,0.2,1628970,82,366,159
Jevon Carter,-1.8,2.0,0.2,1628975,349,28,159
Bobby Portis,1.2,-1.0,0.2,1626171,82,366,159
Kevin Love,-0.3,0.5,0.2,201567,196,136,159
Evan Mobley,-1.6,1.7,0.1,1630596,328,38,166
Amen Thompson,-0.5,0.6,0.1,1641708,223,124,166
Robert Covington,-1.5,1.6,0.1,203496,318,41,166
Toumani Camara,-1.8,1.9,0.1,1641739,349,31,166
Isaiah Jackson,0.6,-0.6,0.0,1630543,119,292,171
Josh Okogie,-1.5,1.5,0.0,1629006,318,46,171
Terance Mann,0.3,-0.3,0.0,1629611,145,250,171
Cameron Johnson,-0.3,0.3,0.0,1629661,196,165,171
Malcolm Brogdon,-0.3,0.3,0.0,1627763,196,165,171
George Hill,-2.7,2.7,0.0,201588,466,13,171
Isaiah Stewart,-0.8,0.7,-0.1,1630191,254,115,178
Cole Anthony,0.3,-0.4,-0.1,1630175,145,266,178
Terence Davis,0.3,-0.4,-0.1,1629056,145,266,178
Zach LaVine,-0.4,0.3,-0.1,203897,207,165,178
Rui Hachimura,-0.2,0.1,-0.1,1629060,184,190,178
De'Andre Hunter,0.5,-0.6,-0.1,1629631,128,292,178
Dennis Smith Jr.,-2.4,2.3,-0.1,1628372,430,20,178
Tobias Harris,-0.6,0.5,-0.1,202699,238,136,178
Collin Sexton,2.2,-2.4,-0.2,1629012,41,785,185
Frank Ntilikina,-0.9,0.7,-0.2,1628373,261,115,185
Aaron Nesmith,0.7,-0.9,-0.2,1630174,108,348,185
Anfernee Simons,1.8,-2.0,-0.2,1629014,56,690,185
Malik Monk,0.6,-0.8,-0.2,1628370,119,328,185
Talen Horton-Tucker,-0.1,-0.1,-0.2,1629659,172,216,185
Vince Williams Jr.,-1.0,0.7,-0.3,1631246,270,115,191
Grayson Allen,-0.5,0.2,-0.3,1628960,223,178,191
Moses Moody,-0.1,-0.2,-0.3,1630541,172,233,191
Patrick Williams,0.1,-0.4,-0.3,1630172,155,266,191
Jarred Vanderbilt,0.4,-0.7,-0.3,1629020,136,307,191
JT Thor,-1.2,0.8,-0.4,1630550,288,106,200
Mark Williams,-0.8,0.4,-0.4,1631109,254,151,200
Ausar Thompson,-1.3,0.9,-0.4,1641709,297,96,200
Keon Ellis,-1.3,0.9,-0.4,1631165,297,96,200
Deandre Ayton,-0.5,0.1,-0.4,1629028,223,190,200
Jalen McDaniels,-0.5,0.1,-0.4,1629667,223,190,200
Lamar Stevens,-0.7,0.3,-0.4,1630205,247,165,200
Caris LeVert,-0.5,0.1,-0.4,1627747,223,190,200
Jonas Valanciunas,0.7,-1.1,-0.4,202685,108,388,200
P.J. Tucker,-0.4,-0.0,-0.4,200782,207,203,200
Hassan Whiteside,0.0,-0.4,-0.4,202355,162,266,200
Jonathan Kuminga,0.2,-0.6,-0.4,1630228,151,292,200
Christian Braun,-1.8,1.4,-0.4,1631128,349,54,200
Jeremy Sochan,-0.2,-0.3,-0.5,1631110,184,250,208
Landry Shamet,-0.9,0.4,-0.5,1629013,261,151,208
Cody Martin,-0.2,-0.3,-0.5,1628998,184,250,208
Andrew Wiggins,-1.1,0.6,-0.5,203952,279,124,208
Jaylen Nowell,0.3,-0.9,-0.6,1629669,145,348,214
Jordan Poole,-0.5,-0.1,-0.6,1629673,223,216,214
Oshae Brissett,0.7,-1.3,-0.6,1629052,108,438,214
Jordan Clarkson,0.4,-1.0,-0.6,203903,136,366,214
AJ Griffin,-0.2,-0.4,-0.6,1631100,184,266,214
Xavier Tillman,-1.6,1.0,-0.6,1630214,328,83,214
Matisse Thybulle,-2.0,1.4,-0.6,1629680,375,54,214
Otto Porter Jr.,-1.4,0.7,-0.7,203490,307,115,223
Josh Giddey,0.5,-1.2,-0.7,1630581,128,413,223
Christian Koloko,-1.5,0.8,-0.7,1631132,318,106,223
Trey Murphy III,-0.5,-0.2,-0.7,1630530,223,233,223
Marvin Bagley III,-0.2,-0.5,-0.7,1628963,184,281,223
Dennis Schroder,-1.0,0.3,-0.7,203471,270,165,223
Cameron Payne,-1.2,0.5,-0.7,1626166,288,136,223
Dalen Terry,-0.3,-0.4,-0.7,1631207,196,266,223
Daniel Gafford,0.1,-0.8,-0.7,1629655,155,328,223
Justise Winslow,-1.6,0.9,-0.7,1626159,328,96,223
Russell Westbrook,-0.3,-0.4,-0.7,201566,196,266,223
Alec Burks,0.0,-0.7,-0.7,202692,162,307,223
Quentin Grimes,-1.9,1.1,-0.8,1629656,362,73,233
Keldon Johnson,0.7,-1.5,-0.8,1629640,108,492,233
Tyus Jones,0.7,-1.5,-0.8,1626145,108,492,233
Caleb Houstan,-0.3,-0.5,-0.8,1631216,196,281,233
Julian Champagnie,0.1,-0.9,-0.8,1630577,155,348,233
T.J. Warren,-1.6,0.8,-0.8,203933,328,106,233
Bismack Biyombo,-1.0,0.2,-0.8,202687,270,178,233
Duop Reath,0.3,-1.2,-0.9,1641871,145,413,238
Kyle Anderson,-1.9,1.0,-0.9,203937,362,83,238
CJ McCollum,0.6,-1.5,-0.9,203468,119,492,238
Hamidou Diallo,-2.2,1.3,-0.9,1628977,401,61,238
Ish Wainright,-2.3,1.3,-1.0,1630688,415,61,246
Chimezie Metu,-1.4,0.4,-1.0,1629002,307,151,246
Tre Mann,-0.6,-0.4,-1.0,1630544,238,266,246
Nic Claxton,-1.2,0.2,-1.0,1629651,288,178,246
Shake Milton,-1.2,0.2,-1.0,1629003,288,178,246
Kelly Oubre Jr.,-0.2,-0.8,-1.0,1626162,184,328,246
Jae'Sean Tate,-2.5,1.5,-1.0,1630256,446,46,246
Luke Kornet,-0.5,-0.5,-1.0,1628436,223,281,246
Bruce Brown,0.3,-1.3,-1.0,1628971,145,438,246
Mike Muscala,-1.5,0.5,-1.0,203488,318,136,246
Jordan Goodwin,-2.2,1.2,-1.0,1630692,401,67,246
Ben Simmons,-1.4,0.3,-1.1,1627732,307,165,255
Alex Len,-2.3,1.2,-1.1,203458,415,67,255
Ivica Zubac,-1.6,0.5,-1.1,1627826,328,136,255
Gary Harris,-0.1,-1.0,-1.1,203914,172,366,255
Duncan Robinson,-0.3,-0.8,-1.1,1629130,196,328,255
Mason Plumlee,-0.9,-0.2,-1.1,203486,261,233,255
Jae Crowder,-1.1,-0.0,-1.1,203109,279,203,255
Rudy Gay,-2.1,1.0,-1.1,200752,388,83,255
Jaylin Williams,-1.0,-0.2,-1.2,1631119,270,233,261
Andrew Nembhard,-0.8,-0.4,-1.2,1629614,254,266,261
Damion Lee,-1.6,0.4,-1.2,1627814,328,151,261
Wesley Matthews,-2.2,1.0,-1.2,202083,401,83,261
Markelle Fultz,-1.4,0.1,-1.3,1628365,307,190,266
Troy Brown Jr.,-0.2,-1.1,-1.3,1628972,184,388,266
Cory Joseph,-1.0,-0.3,-1.3,202709,270,250,266
Santi Aldama,-0.7,-0.6,-1.3,1630583,247,292,266
Jalen Johnson,-2.2,0.9,-1.3,1630552,401,96,266
Eric Gordon,-0.6,-0.7,-1.3,201569,238,307,266
KJ Martin,0.5,-1.9,-1.4,1630231,128,628,275
Devin Vassell,-1.0,-0.4,-1.4,1630170,270,266,275
Bol Bol,-1.8,0.4,-1.4,1629626,349,151,275
Vasilije Micic,-0.5,-0.9,-1.4,203995,223,348,275
Daniel Theis,-1.9,0.5,-1.4,1628464,362,136,275
Gordon Hayward,-2.1,0.7,-1.4,202330,388,115,275
Max Christie,-2.2,0.8,-1.4,1631108,401,106,275
Precious Achiuwa,-1.1,-0.3,-1.4,1630173,279,250,275
Simone Fontecchio,-1.3,-0.1,-1.4,1631323,297,216,275
Bradley Beal,-0.7,-0.7,-1.4,203078,247,307,275
Tim Hardaway Jr.,-0.7,-0.7,-1.4,203501,247,307,275
Kessler Edwards,-0.3,-1.2,-1.5,1630556,196,413,284
Grant Williams,-0.6,-0.9,-1.5,1629684,238,348,284
Davion Mitchell,-2.0,0.5,-1.5,1630558,375,136,284
Wenyen Gabriel,-1.1,-0.4,-1.5,1629117,279,266,284
Terry Rozier,-0.5,-1.0,-1.5,1626179,223,366,284
Buddy Hield,-0.4,-1.1,-1.5,1627741,207,388,284
Patty Mills,-0.9,-0.6,-1.5,201988,261,292,284
GG Jackson,-1.7,0.2,-1.5,1641713,339,178,284
Stanley Johnson,0.7,-2.3,-1.6,1626169,108,774,295
Kris Murray,-1.9,0.3,-1.6,1631200,362,165,295
Anthony Lamb,-1.4,-0.2,-1.6,1630237,307,233,295
Malik Beasley,-1.4,-0.2,-1.6,1627736,307,233,295
Jabari Smith Jr.,-0.5,-1.1,-1.6,1631095,223,388,295
Jabari Walker,-0.3,-1.3,-1.6,1631133,196,438,295
Neemias Queta,-0.3,-1.3,-1.6,1629674,196,438,295
Gary Trent Jr.,0.4,-2.0,-1.6,1629018,136,690,295
Saddiq Bey,1.0,-2.6,-1.6,1630180,90,799,295
Jared Butler,-0.7,-0.9,-1.6,1630215,247,348,295
AJ Green,-0.7,-0.9,-1.6,1631260,247,348,295
Furkan Korkmaz,-1.6,-0.0,-1.6,1627788,328,203,295
Sam Merrill,-1.5,-0.1,-1.6,1630241,318,216,295
Devonte' Graham,-1.0,-0.6,-1.6,1628984,270,292,295
Naz Reid,-2.3,0.6,-1.7,1629675,415,124,304
Patrick Beverley,-2.4,0.7,-1.7,201976,430,115,304
Jaxson Hayes,-1.2,-0.5,-1.7,1629637,288,281,304
Jordan Hawkins,0.1,-1.8,-1.7,1641722,155,581,304
Luka Garza,-0.4,-1.4,-1.8,1630568,207,464,308
Peyton Watson,-2.3,0.5,-1.8,1631212,415,136,308
Donte DiVincenzo,-0.4,-1.4,-1.8,1628978,207,464,308
Joshua Primo,-0.5,-1.4,-1.9,1630563,223,464,312
Garrison Mathews,-0.5,-1.4,-1.9,1629726,223,464,312
Nikola Vucevic,-1.0,-0.9,-1.9,202696,270,348,312
Reggie Bullock Jr.,-1.4,-0.5,-1.9,203493,307,281,312
Seth Curry,-1.9,-0.0,-1.9,203552,362,203,312
Jalen Green,0.3,-2.3,-2.0,1630224,145,774,318
Maxi Kleber,-2.8,0.8,-2.0,1628467,478,106,318
Shaedon Sharpe,-0.3,-1.7,-2.0,1631101,196,547,318
Cam Whitmore,-1.2,-0.8,-2.0,1641715,288,328,318
Lonnie Walker IV,-0.6,-1.4,-2.0,1629022,238,464,318
Corey Kispert,1.0,-3.0,-2.0,1630557,90,813,318
Amir Coffey,-0.1,-1.9,-2.0,1629599,172,628,318
Ricky Rubio,-3.7,1.7,-2.0,201937,610,38,318
Jalen Wilson,-0.7,-1.4,-2.1,1630592,247,464,326
Lonzo Ball,-1.8,-0.3,-2.1,1628366,349,250,326
Tony Bradley,-1.3,-0.8,-2.1,1628396,297,328,326
Mo Bamba,-2.0,-0.1,-2.1,1628964,375,216,326
Craig Porter Jr.,-0.4,-1.7,-2.1,1641854,207,547,326
Klay Thompson,-0.5,-1.6,-2.1,202691,223,518,326
Kelly Olynyk,-0.5,-1.6,-2.1,203482,223,518,326
Danuel House Jr.,-2.5,0.4,-2.1,1627863,446,151,326
RJ Barrett,-0.1,-2.1,-2.2,1629628,172,733,334
Vit Krejci,0.4,-2.6,-2.2,1630249,136,799,334
Armoni Brooks,-0.6,-1.6,-2.2,1629717,238,518,334
John Collins,-1.2,-1.0,-2.2,1628381,288,366,334
Edmond Sumner,-1.7,-0.5,-2.2,1628410,339,281,334
Jerami Grant,-1.9,-0.3,-2.2,203924,362,250,334
Josh Richardson,-1.8,-0.4,-2.2,1626196,349,266,334
Nassir Little,-1.2,-1.1,-2.3,1629642,288,388,342
Terry Taylor,-0.8,-1.5,-2.3,1630678,254,492,342
Sandro Mamukelashvili,-2.0,-0.3,-2.3,1630572,375,250,342
Christian Wood,-1.0,-1.3,-2.3,1626174,270,438,342
Keita Bates-Diop,-1.9,-0.4,-2.3,1628966,362,266,342
Harrison Barnes,-0.9,-1.4,-2.3,203084,261,464,342
Ayo Dosunmu,-2.2,-0.1,-2.3,1630245,401,216,342
Zach Collins,-2.2,-0.1,-2.3,1628380,401,216,342
Chris Duarte,-2.2,-0.1,-2.3,1630537,401,216,342
Daishen Nix,-1.5,-0.9,-2.4,1630227,318,348,349
Dario Saric,-1.2,-1.2,-2.4,203967,288,413,349
Thomas Bryant,-1.7,-0.7,-2.4,1628418,339,307,349
Georges Niang,-1.3,-1.1,-2.4,1627777,297,388,349
DeMarcus Cousins,-0.8,-1.6,-2.4,202326,254,518,349
Cam Thomas,-0.1,-2.4,-2.5,1630560,172,785,353
Anthony Black,-2.8,0.3,-2.5,1641710,478,165,353
Rodney McGruder,-2.1,-0.4,-2.5,203585,388,266,353
Duane Washington Jr.,-1.2,-1.4,-2.6,1630613,288,464,358
Haywood Highsmith,-2.8,0.2,-2.6,1629312,478,178,358
Ousmane Dieng,-1.8,-0.8,-2.6,1631172,349,328,358
Trendon Watford,-0.5,-2.1,-2.6,1630570,223,733,358
Orlando Robinson,-1.8,-0.8,-2.6,1631115,349,328,358
Luka Samanic,-2.4,-0.2,-2.6,1629677,430,233,358
Kyle Kuzma,-1.6,-1.0,-2.6,1628398,328,366,358
Reggie Jackson,-3.4,0.7,-2.7,202704,559,115,366
Josh Minott,-1.7,-1.0,-2.7,1631169,339,366,366
Bennedict Mathurin,-1.4,-1.3,-2.7,1631097,307,438,366
Jaden Ivey,-0.5,-2.2,-2.7,1631093,223,757,366
Trayce Jackson-Davis,-1.3,-1.4,-2.7,1631218,297,464,366
Cedi Osman,-1.1,-1.6,-2.7,1626224,279,518,366
Cody Zeller,-1.7,-1.0,-2.7,203469,339,366,366
Bojan Bogdanovic,-0.2,-2.5,-2.7,202711,184,794,366
Danilo Gallinari,-1.3,-1.4,-2.7,201568,297,464,366
Dominick Barlow,-0.5,-2.3,-2.8,1631230,223,774,377
Zeke Nnaji,-2.8,-0.0,-2.8,1630192,478,203,377
David Roddy,-2.0,-0.8,-2.8,1631223,375,328,377
Brandon Miller,-1.0,-1.8,-2.8,1641706,270,581,377
Tristan Vukcevic,-2.5,-0.3,-2.8,1641774,446,250,377
Jericho Sims,-2.8,-0.0,-2.8,1630579,478,203,377
Isaiah Livers,-1.0,-1.8,-2.8,1630587,270,581,377
Yuta Watanabe,-1.9,-0.9,-2.8,1629139,362,348,377
Raul Neto,-1.9,-0.9,-2.8,203526,362,348,377
Taj Gibson,-3.1,0.3,-2.8,201959,514,165,377
Ty Jerome,-2.2,-0.6,-2.8,1629660,401,292,377
Davis Bertans,-2.1,-0.7,-2.8,202722,388,307,377
Willy Hernangomez,-1.7,-1.1,-2.8,1626195,339,388,377
Norman Powell,-1.4,-1.5,-2.9,1626181,307,492,387
Marcus Morris Sr.,-1.4,-1.5,-2.9,202694,307,492,387
Justin Holiday,-2.4,-0.5,-2.9,203200,430,281,387
Kai Jones,-2.1,-0.8,-2.9,1630539,388,328,387
Jake LaRavia,-1.7,-1.2,-2.9,1631222,339,413,387
Matt Ryan,-2.7,-0.2,-2.9,1630346,466,233,387
Nemanja Bjelica,-2.7,-0.2,-2.9,202357,466,233,387
Keyonte George,-2.0,-1.1,-3.1,1641718,375,388,391
Lindy Waters III,-2.1,-1.0,-3.1,1630322,388,366,391
Theo Maledon,-1.1,-2.1,-3.2,1630177,279,733,397
Malaki Branham,-1.0,-2.2,-3.2,1631103,270,757,397
Jaden Hardy,-1.5,-1.7,-3.2,1630702,318,547,397
Romeo Langford,-3.1,-0.1,-3.2,1629641,514,216,397
Taylor Hendricks,-2.1,-1.1,-3.2,1641707,388,388,397
Moses Brown,-1.6,-1.6,-3.2,1629650,328,518,397
Jaden Springer,-1.7,-1.5,-3.2,1630531,339,492,397
Jarace Walker,-1.8,-1.4,-3.2,1641716,349,464,397
Pat Connaughton,-1.9,-1.3,-3.2,1626192,362,438,397
Tristan Thompson,-2.0,-1.2,-3.2,202684,375,413,397
Ziaire Williams,-2.4,-0.9,-3.3,1630533,430,348,407
Blake Wesley,-2.9,-0.4,-3.3,1631104,494,266,407
Justin Champagnie,-1.3,-2.0,-3.3,1630551,297,690,407
KZ Okpala,-2.9,-0.4,-3.3,1629644,494,266,407
Sasha Vezenkov,-2.1,-1.2,-3.3,1628426,388,413,407
Austin Rivers,-1.9,-1.4,-3.3,203085,362,464,407
JaVale McGee,-3.5,0.2,-3.3,201580,576,178,407
Olivier Sarr,-2.6,-0.7,-3.3,1630846,458,307,407
Evan Fournier,-3.7,0.4,-3.3,203095,610,151,407
Patrick Baldwin Jr.,-2.4,-1.0,-3.4,1631116,430,366,415
Jeremy Lamb,-2.5,-0.9,-3.4,203087,446,348,415
Aleksej Pokusevski,-2.6,-0.8,-3.4,1630197,458,328,415
Julian Phillips,-2.1,-1.3,-3.4,1641763,388,438,415
Johnny Juzang,-1.8,-1.6,-3.4,1630548,349,518,415
Drew Eubanks,-2.1,-1.3,-3.4,1629234,388,438,415
Kevon Harris,-2.2,-1.2,-3.4,1630284,401,413,415
Jeremiah Robinson-Earl,-2.5,-1.0,-3.5,1630526,446,366,423
Jordan Walsh,-2.5,-1.0,-3.5,1641775,446,366,423
Lester Quinones,-2.8,-0.7,-3.5,1631311,478,307,423
Scotty Pippen Jr.,-2.5,-1.0,-3.5,1630590,446,366,423
A.J. Lawson,-2.6,-0.9,-3.5,1630639,458,348,423
Nick Richards,-2.3,-1.2,-3.5,1630208,415,413,423
Juancho Hernangomez,-1.5,-2.0,-3.5,1627823,318,690,423
Kendrick Nunn,-2.5,-1.0,-3.5,1629134,446,366,423
DeAndre' Bembry,-2.4,-1.1,-3.5,1627761,430,388,423
Goran Dragic,-2.3,-1.2,-3.5,201609,415,413,423
Killian Hayes,-2.4,-1.2,-3.6,1630165,430,413,433
Kevin Knox II,-2.3,-1.3,-3.6,1628995,415,438,433
Trent Forrest,-2.4,-1.2,-3.6,1630235,430,413,433
Marcus Sasser,-2.3,-1.3,-3.6,1631204,415,438,433
Bryn Forbes,-2.3,-1.3,-3.6,1627854,415,438,433
Jason Preston,-2.0,-1.6,-3.6,1630554,375,518,433
Vlatko Cancar,-2.9,-0.7,-3.6,1628427,494,307,433
Victor Oladipo,-2.9,-0.7,-3.6,203506,494,307,433
Andre Iguodala,-3.6,-0.0,-3.6,2738,591,203,433
Ryan Rollins,-2.9,-0.8,-3.7,1631157,494,328,441
Dereon Seabron,-2.4,-1.3,-3.7,1631220,430,438,441
Nathan Knight,-2.5,-1.2,-3.7,1630233,446,413,441
Omer Yurtseven,-2.0,-1.7,-3.7,1630209,375,547,441
Nate Williams,-2.0,-1.7,-3.7,1631466,375,547,441
Ashton Hagans,-2.6,-1.1,-3.7,1630204,458,388,441
Trevelin Queen,-2.6,-1.1,-3.7,1630243,458,388,441
JaMychal Green,-2.9,-0.8,-3.7,203210,494,328,441
Moussa Diabate,-1.9,-1.9,-3.8,1631217,362,628,450
James Bouknight,-2.4,-1.4,-3.8,1630547,430,464,450
MarJon Beauchamp,-2.5,-1.3,-3.8,1630699,446,438,450
Buddy Boeheim,-2.5,-1.3,-3.8,1631205,446,438,450
Sidy Cissoko,-3.1,-0.7,-3.8,1631321,514,307,450
Rayan Rupert,-2.1,-1.7,-3.8,1641712,388,547,450
David Duke Jr.,-2.2,-1.6,-3.8,1630561,401,518,450
Ricky Council IV,-2.2,-1.6,-3.8,1641741,401,518,450
Juan Toscano-Anderson,-3.6,-0.2,-3.8,1629308,591,233,450
Trey Jemison,-2.3,-1.6,-3.9,1641998,415,518,458
Jared Rhoden,-2.0,-1.9,-3.9,1631197,375,628,458
Khem Birch,-2.5,-1.4,-3.9,203920,446,464,458
Thaddeus Young,-2.8,-1.1,-3.9,201152,478,388,458
Blake Griffin,-3.4,-0.5,-3.9,201933,559,281,458
Charles Bassey,-2.7,-1.2,-3.9,1629646,466,413,458
Dalano Banton,-3.2,-0.7,-3.9,1630625,525,307,458
Joe Harris,-3.2,-0.7,-3.9,203925,525,307,458
Malachi Flynn,-2.4,-1.6,-4.0,1630201,430,518,464
Jeff Green,-2.5,-1.5,-4.0,201145,446,492,464
Rodney Hood,-2.8,-1.2,-4.0,203918,478,413,464
Usman Garuba,-2.2,-1.9,-4.1,1630586,401,628,469
Scoot Henderson,-1.6,-2.5,-4.1,1630703,328,794,469
Gui Santos,-2.3,-1.8,-4.1,1630611,415,581,469
Saben Lee,-3.8,-0.3,-4.1,1630240,632,250,469
Jules Bernard,-2.8,-1.3,-4.1,1631262,478,438,469
Braxton Key,-3.0,-1.1,-4.1,1630296,506,388,469
Taurean Prince,-1.6,-2.5,-4.1,1627752,328,794,469
Terrence Ross,-1.8,-2.3,-4.1,203082,349,774,469
Markus Howard,-2.1,-2.1,-4.2,1630210,388,733,474
Jamal Cain,-3.4,-0.8,-4.2,1631288,559,328,474
R.J. Hampton,-2.3,-2.0,-4.3,1630181,415,690,480
Adama Sanogo,-2.8,-1.5,-4.3,1641766,478,492,480
Leaky Black,-2.9,-1.4,-4.3,1641778,494,464,480
James Johnson,-4.1,-0.2,-4.3,201949,683,233,480
Danny Green,-3.6,-0.7,-4.3,201980,591,307,480
LaMarcus Aldridge,-3.4,-0.9,-4.3,200746,559,348,480
Sekou Doumbouya,-2.7,-1.6,-4.3,1629635,466,518,480
Kenneth Lofton Jr.,-2.2,-2.1,-4.3,1631254,401,733,480
Eric Paschall,-2.6,-1.7,-4.3,1629672,458,547,480
John Butler Jr.,-2.5,-1.9,-4.4,1631219,446,628,488
Marko Simonovic,-2.9,-1.5,-4.4,1630250,494,492,488
Marcus Garrett,-2.4,-2.0,-4.4,1630585,430,690,488
Julian Strawther,-2.0,-2.4,-4.4,1631124,375,785,488
Xavier Cooks,-2.9,-1.5,-4.4,1641645,494,492,488
Richaun Holmes,-3.5,-0.9,-4.4,1626158,576,348,488
Carmelo Anthony,-3.2,-1.2,-4.4,2546,525,413,488
Kennedy Chandler,-2.6,-1.9,-4.5,1631113,458,628,498
Cassius Stanley,-2.8,-1.7,-4.5,1630199,478,547,498
Jay Scrubb,-2.8,-1.7,-4.5,1630206,478,547,498
Devon Dotson,-2.6,-1.9,-4.5,1629653,458,628,498
Bryce McGowens,-3.4,-1.1,-4.5,1631121,559,388,498
Leonard Miller,-2.8,-1.7,-4.5,1631159,478,547,498
Amari Bailey,-2.4,-2.1,-4.5,1641735,430,733,498
Colby Jones,-3.4,-1.1,-4.5,1641732,559,388,498
Jontay Porter,-3.0,-1.5,-4.5,1629007,506,492,498
Collin Gillespie,-3.0,-1.5,-4.5,1631221,506,492,498
Jay Huff,-3.3,-1.2,-4.5,1630643,540,413,498
Doug McDermott,-0.7,-3.8,-4.5,203926,247,819,498
Derrick Rose,-4.8,0.3,-4.5,201565,770,165,498
Boban Marjanovic,-3.8,-0.7,-4.5,1626246,632,307,498
Leandro Bolmaro,-3.4,-1.2,-4.6,1630195,559,413,513
Brandon Boston Jr.,-3.5,-1.1,-4.6,1630527,576,388,513
CJ Elleby,-2.4,-2.2,-4.6,1629604,430,757,513
Joe Wieskamp,-3.2,-1.4,-4.6,1630580,525,464,513
JD Davison,-3.1,-1.5,-4.6,1631120,514,492,513
Cam Reddish,-3.3,-1.3,-4.6,1629629,540,438,513
Killian Tillie,-3.1,-1.5,-4.6,1629681,514,492,513
Mac McClung,-3.0,-1.6,-4.6,1630644,506,518,513
Jamorko Pickett,-2.8,-1.8,-4.6,1630691,478,581,513
Andre Jackson Jr.,-1.8,-2.8,-4.6,1641748,349,809,513
Jordan Nwora,-1.9,-2.7,-4.6,1629670,362,804,513
Bruno Fernando,-3.6,-1.0,-4.6,1628981,591,366,513
Jeff Dowtin Jr.,-3.0,-1.6,-4.6,1630288,506,518,513
Matt Thomas,-3.2,-1.4,-4.6,1629744,525,464,513
Enes Freedom,-3.5,-1.1,-4.6,202683,576,388,513
Eric Bledsoe,-4.7,0.1,-4.6,202339,763,190,513
Dariq Whitehead,-2.3,-2.4,-4.7,1641727,415,785,525
Tyrell Terry,-2.7,-2.0,-4.7,1630179,466,690,525
Darius Bazley,-3.5,-1.2,-4.7,1629647,576,413,525
Robert Woodard II,-2.9,-1.8,-4.7,1630218,494,581,525
TyTy Washington Jr.,-3.6,-1.1,-4.7,1631102,591,388,525
Frank Jackson,-3.5,-1.2,-4.7,1628402,576,413,525
Sterling Brown,-4.0,-0.7,-4.7,1628425,667,307,525
David Johnson,-2.8,-2.0,-4.8,1630525,478,690,531
Brice Sensabaugh,-1.5,-3.3,-4.8,1641729,318,815,531
Ron Harper Jr.,-2.9,-1.9,-4.8,1631199,494,628,531
Davon Reed,-3.4,-1.4,-4.8,1628432,559,464,531
RaiQuan Gray,-2.6,-2.2,-4.8,1630564,458,757,531
Hassani Gravett,-3.1,-1.7,-4.8,1629755,514,547,531
Michael Foster Jr.,-2.9,-2.0,-4.9,1630701,494,690,537
Bilal Coulibaly,-3.4,-1.5,-4.9,1641731,559,492,537
Eugene Omoruyi,-3.3,-1.6,-4.9,1630647,540,518,537
Gary Clark,-3.2,-1.7,-4.9,1629109,525,547,537
Frank Kaminsky,-3.8,-1.1,-4.9,1626163,632,388,537
Lance Stephenson,-2.4,-2.5,-4.9,202362,430,794,537
Reggie Perry,-2.9,-2.1,-5.0,1629617,494,733,546
Jahmi'us Ramsey,-2.8,-2.2,-5.0,1630186,478,757,546
Jarrett Culver,-3.3,-1.7,-5.0,1629633,540,547,546
Isaiah Roby,-3.7,-1.3,-5.0,1629676,610,438,546
Drew Peterson,-3.0,-2.0,-5.0,1641809,506,690,546
Nate Hinton,-3.2,-1.8,-5.0,1630207,525,581,546
Carlik Jones,-3.3,-1.7,-5.0,1630637,540,547,546
Oscar Tshiebwe,-3.5,-1.5,-5.0,1631131,576,492,546
Jerome Robinson,-3.7,-1.3,-5.0,1629010,610,438,546
Devin Cannady,-3.3,-1.7,-5.0,1629962,540,547,546
Markieff Morris,-3.8,-1.2,-5.0,202693,632,413,546
Josh Christopher,-1.7,-3.4,-5.1,1630528,339,817,557
Joel Ayayi,-3.2,-1.9,-5.1,1630555,525,628,557
Scottie Lewis,-3.1,-2.0,-5.1,1630575,514,690,557
Chaundee Brown Jr.,-3.3,-1.8,-5.1,1630602,540,581,557
Cameron McGriff,-3.1,-2.0,-5.1,1630787,514,690,557
Jared Harper,-2.9,-2.2,-5.1,1629607,494,757,557
Quenton Jackson,-3.6,-1.5,-5.1,1631245,591,492,557
Shaquille Harrison,-3.4,-1.7,-5.1,1627885,559,547,557
Justin Anderson,-2.8,-2.3,-5.1,1626147,478,774,557
Dwight Howard,-3.3,-1.8,-5.1,2730,540,581,557
Lou Williams,-3.5,-1.6,-5.1,101150,576,518,557
Dewayne Dedmon,-5.0,-0.1,-5.1,203473,783,216,557
Darius Days,-3.3,-1.9,-5.2,1630620,540,628,569
Terquavion Smith,-2.9,-2.3,-5.2,1631173,494,774,569
Chris Livingston,-3.3,-1.9,-5.2,1641753,540,628,569
Jordan Ford,-3.3,-1.9,-5.2,1630259,540,628,569
Mamadi Diakite,-4.6,-0.6,-5.2,1629603,752,292,569
Theo Pinson,-3.3,-1.9,-5.2,1629033,540,628,569
Carsen Edwards,-3.2,-2.0,-5.2,1629035,525,690,569
Isaiah Mobley,-3.7,-1.5,-5.2,1630600,610,492,569
Henri Drell,-3.2,-2.0,-5.2,1630929,525,690,569
Jacob Gilyard,-2.7,-2.5,-5.2,1631367,466,794,569
Malcolm Hill,-3.4,-1.8,-5.2,1630792,559,581,569
Sharife Cooper,-3.3,-2.0,-5.3,1630536,540,690,583
Keon Johnson,-1.9,-3.4,-5.3,1630553,362,817,583
Noah Clowney,-4.0,-1.3,-5.3,1641730,667,438,583
Kira Lewis Jr.,-4.5,-0.8,-5.3,1630184,739,328,583
Moses Wright,-3.3,-2.0,-5.3,1630589,540,690,583
Johnny Davis,-4.5,-0.8,-5.3,1631098,739,328,583
Malcolm Cazalon,-3.3,-2.0,-5.3,1630608,540,690,583
Donovan Williams,-3.4,-1.9,-5.3,1631495,559,628,583
Jordan Schakel,-3.5,-1.8,-5.3,1630648,576,581,583
Tyrese Martin,-3.4,-1.9,-5.3,1631213,559,628,583
Rayjon Tucker,-3.4,-1.9,-5.3,1629730,559,628,583
Justin Minaya,-4.3,-1.0,-5.3,1631303,711,366,583
Isaiah Todd,-3.6,-1.7,-5.3,1630225,591,547,583
Greg Brown III,-3.7,-1.6,-5.3,1630535,610,518,583
Aaron Henry,-3.2,-2.1,-5.3,1630565,525,733,583
Jett Howard,-3.7,-1.6,-5.3,1641724,610,518,583
Stanley Umude,-3.7,-1.6,-5.3,1630649,610,518,583
Isaac Bonga,-3.6,-1.8,-5.4,1629067,591,581,599
Daniel Oturu,-3.2,-2.2,-5.4,1630187,525,757,599
Javonte Smart,-3.5,-1.9,-5.4,1630606,576,628,599
Louis King,-3.2,-2.2,-5.4,1629663,525,757,599
Feron Hunt,-3.5,-1.9,-5.4,1630624,576,628,599
Javin DeLaurier,-3.4,-2.0,-5.4,1629602,559,690,599
Hunter Tyson,-3.9,-1.5,-5.4,1641816,649,492,599
Jarron Cumberland,-3.4,-2.0,-5.4,1629600,559,690,599
Trevor Hudgins,-3.6,-1.8,-5.4,1631309,591,581,599
Jalen Slawson,-3.4,-2.0,-5.4,1641771,559,690,599
Marques Bolden,-3.5,-1.9,-5.4,1629716,576,628,599
Micah Potter,-4.0,-1.4,-5.4,1630695,667,464,599
Cameron Oliver,-3.4,-2.0,-5.4,1628419,559,690,599
Maozinha Pereira,-4.3,-1.1,-5.4,1641970,711,388,599
Torrey Craig,-2.4,-3.0,-5.4,1628470,430,813,599
Ignas Brazdeikis,-3.0,-2.5,-5.5,1629649,506,794,613
Wendell Moore Jr.,-4.0,-1.5,-5.5,1631111,667,492,613
Tosan Evbuomwan,-3.4,-2.1,-5.5,1641787,559,733,613
Kobe Brown,-3.3,-2.2,-5.5,1641738,540,757,613
Filip Petrusev,-3.7,-1.8,-5.5,1630196,610,581,613
Matt Hurt,-4.2,-1.3,-5.5,1630562,697,438,613
Jalen Pickett,-4.1,-1.4,-5.5,1629618,683,464,613
Marquese Chriss,-3.8,-1.7,-5.5,1627737,632,547,613
Quinndary Weatherspoon,-3.3,-2.2,-5.5,1629683,540,757,613
Dylan Windler,-4.0,-1.5,-5.5,1629685,667,492,613
Keifer Sykes,-3.7,-1.8,-5.5,1626208,610,581,613
Maurice Harkless,-4.4,-1.1,-5.5,203090,724,388,613
Will Barton,-4.7,-0.8,-5.5,203115,763,328,613
Solomon Hill,-4.4,-1.1,-5.5,203524,724,388,613
Deividas Sirvydis,-3.6,-2.0,-5.6,1629686,591,690,627
Ade Murkey,-3.7,-1.9,-5.6,1630278,610,628,627
JaQuori McLaughlin,-3.6,-2.0,-5.6,1630605,591,690,627
Aleem Ford,-3.5,-2.1,-5.6,1630758,576,733,627
Cassius Winston,-3.6,-2.0,-5.6,1630216,591,690,627
Markquis Nowell,-3.7,-1.9,-5.6,1641806,610,628,627
Adam Flagler,-3.7,-1.9,-5.6,1641745,610,628,627
Devontae Cacok,-3.8,-1.8,-5.6,1629719,632,581,627
Skylar Mays,-2.9,-2.7,-5.6,1630219,494,804,627
Andrew Funk,-3.7,-1.9,-5.6,1641847,610,628,627
Wes Iwundu,-3.7,-1.9,-5.6,1628411,610,628,627
Gabe York,-3.7,-1.9,-5.6,1628221,610,628,627
Nerlens Noel,-4.4,-1.2,-5.6,203457,724,413,627
Jaylen Hoard,-3.3,-2.4,-5.7,1629658,540,785,643
MJ Walker,-3.8,-1.9,-5.7,1630640,632,628,643
E.J. Liddell,-3.8,-1.9,-5.7,1630604,632,628,643
Jalen Crutcher,-3.8,-1.9,-5.7,1630622,632,628,643
Trevon Scott,-3.8,-1.9,-5.7,1630286,632,628,643
Alize Johnson,-3.8,-1.9,-5.7,1628993,632,628,643
Jordan Hall,-3.7,-2.0,-5.7,1631160,610,690,643
Trevor Keels,-3.6,-2.1,-5.7,1631211,591,733,643
RJ Nembhard Jr.,-4.0,-1.7,-5.7,1630612,667,547,643
Tyler Cook,-3.6,-2.1,-5.7,1629076,591,733,643
Malik Fitts,-4.0,-1.7,-5.7,1630238,667,547,643
Freddie Gillespie,-3.9,-1.8,-5.7,1630273,649,581,643
Izaiah Brockington,-3.7,-2.0,-5.7,1631167,610,690,643
Admiral Schofield,-3.9,-1.8,-5.7,1629678,649,581,643
BJ Johnson,-3.7,-2.0,-5.7,1629168,610,690,643
Derrick Walton Jr.,-4.2,-1.5,-5.7,1628476,697,492,643
Trey Burke,-4.4,-1.3,-5.7,203504,724,438,643
David Nwaba,-3.6,-2.1,-5.7,1628021,591,733,643
Kemba Walker,-4.0,-1.7,-5.7,202689,667,547,643
Yves Pons,-4.0,-1.8,-5.8,1630582,667,581,662
Udoka Azubuike,-4.0,-1.8,-5.8,1628962,667,581,662
James Wiseman,-2.5,-3.3,-5.8,1630164,446,815,662
Arnoldas Kulboka,-3.8,-2.0,-5.8,1629083,632,690,662
Chuma Okeke,-5.0,-0.8,-5.8,1629643,783,328,662
Isaiah Wong,-3.8,-2.0,-5.8,1631209,632,690,662
Mason Jones,-4.1,-1.7,-5.8,1630222,683,547,662
Jon Teske,-3.9,-1.9,-5.8,1630257,649,628,662
Cole Swider,-3.8,-2.0,-5.8,1631306,632,690,662
Chris Silva,-3.8,-2.0,-5.8,1629735,632,690,662
Brodric Thomas,-3.9,-1.9,-5.8,1630271,649,628,662
Onuralp Bitim,-3.9,-1.9,-5.8,1641931,649,628,662
Josh Jackson,-4.0,-1.8,-5.8,1628367,667,581,662
Jarrell Brantley,-4.1,-1.7,-5.8,1629714,683,547,662
Nik Stauskas,-4.3,-1.5,-5.8,203917,711,492,662
Serge Ibaka,-5.0,-0.8,-5.8,201586,783,328,662
Tremont Waters,-3.6,-2.2,-5.8,1629682,591,757,662
Lindell Wigginton,-3.1,-2.7,-5.8,1629623,514,804,662
Noah Vonleh,-3.7,-2.1,-5.8,203943,610,733,662
Olivier-Maxence Prosper,-4.1,-1.8,-5.9,1641765,683,581,679
Chandler Hutchison,-4.1,-1.8,-5.9,1628990,683,581,679
Facundo Campazzo,-5.1,-0.8,-5.9,1630267,787,328,679
Vernon Carey Jr.,-3.8,-2.1,-5.9,1630176,632,733,679
Javon Freeman-Liberty,-4.0,-1.9,-5.9,1631241,667,628,679
Jordan Miller,-3.8,-2.1,-5.9,1641757,632,733,679
Malik Newman,-4.0,-1.9,-5.9,1629005,667,628,679
Shaq Buchanan,-3.9,-2.0,-5.9,1629783,649,690,679
Ahmad Caver,-3.9,-2.0,-5.9,1629958,649,690,679
Jaime Echenique,-4.0,-1.9,-5.9,1630693,667,628,679
Dmytro Skapintsev,-4.0,-1.9,-5.9,1631376,667,628,679
Dexter Dennis,-4.2,-1.7,-5.9,1641926,697,547,679
Jaylen Morris,-4.0,-1.9,-5.9,1628537,667,628,679
Chris Chiozza,-4.2,-1.7,-5.9,1629185,697,547,679
Gabriel Lundberg,-3.9,-2.0,-5.9,1630994,649,690,679
Jake Layman,-3.9,-2.0,-5.9,1627774,649,690,679
Miye Oni,-4.0,-2.0,-6.0,1629671,667,690,695
Keyontae Johnson,-4.0,-2.0,-6.0,1641749,667,690,695
Jermaine Samuels Jr.,-3.7,-2.3,-6.0,1631257,610,774,695
Myles Powell,-3.8,-2.2,-6.0,1629619,632,757,695
Tyler Hall,-4.0,-2.0,-6.0,1629788,667,690,695
Mfiondu Kabengele,-4.0,-2.0,-6.0,1629662,667,690,695
Paris Bass,-4.1,-1.9,-6.0,1628238,683,628,695
D.J. Wilson,-3.9,-2.1,-6.0,1628391,649,733,695
Tacko Fall,-4.1,-1.9,-6.0,1629605,683,628,695
Timothe Luwawu-Cabarrot,-3.9,-2.1,-6.0,1627789,649,733,695
Meyers Leonard,-3.8,-2.2,-6.0,203086,632,757,695
Denzel Valentine,-4.3,-1.7,-6.0,1627756,711,547,695
Avery Bradley,-4.9,-1.1,-6.0,202340,776,388,695
DeAndre Jordan,-4.4,-1.6,-6.0,201599,724,518,695
Greg Monroe,-4.2,-1.8,-6.0,202328,697,581,695
Gradey Dick,-3.4,-2.7,-6.1,1641711,559,804,709
Seth Lundy,-4.0,-2.1,-6.1,1641754,667,733,709
Kyle Guy,-4.2,-1.9,-6.1,1629657,697,628,709
Rob Edwards,-4.2,-1.9,-6.1,1630306,697,628,709
Charlie Brown Jr.,-4.7,-1.4,-6.1,1629718,763,464,709
Tyler Dorsey,-4.2,-1.9,-6.1,1628416,697,628,709
Brandon Goodwin,-3.7,-2.4,-6.1,1629164,610,785,709
Petr Cornelie,-4.2,-1.9,-6.1,1627822,697,628,709
Kelan Martin,-4.6,-1.5,-6.1,1629103,752,492,709
Deonte Burton,-4.1,-2.0,-6.1,1629126,683,690,709
Jack White,-4.4,-1.7,-6.1,1631298,724,547,709
Elfrid Payton,-4.9,-1.2,-6.1,203901,776,413,709
Isaiah Thomas,-4.4,-1.7,-6.1,202738,724,547,709
McKinley Wright IV,-3.8,-2.4,-6.2,1630593,632,785,719
DaQuan Jeffries,-4.8,-1.4,-6.2,1629610,770,464,719
Kaiser Gates,-4.3,-1.9,-6.2,1629232,711,628,719
Emmanuel Mudiay,-4.3,-1.9,-6.2,1626144,711,628,719
Jalen Hood-Schifino,-4.2,-2.0,-6.2,1641720,697,690,719
Nick Smith Jr.,-4.2,-2.0,-6.2,1641733,697,690,719
Juwan Morgan,-4.0,-2.2,-6.2,1629752,667,757,719
Willie Cauley-Stein,-4.9,-1.3,-6.2,1626161,776,438,719
Didi Louzada,-4.5,-1.8,-6.3,1629712,739,581,729
Justin Robinson,-4.6,-1.7,-6.3,1629620,752,547,729
Timmy Allen,-4.5,-1.8,-6.3,1641851,739,581,729
DeJon Jarreau,-4.5,-1.8,-6.3,1630610,739,581,729
Chima Moneke,-4.3,-2.0,-6.3,1631320,711,690,729
Jordan Bell,-4.3,-2.0,-6.3,1628395,711,690,729
Kobe Bufkin,-5.2,-1.1,-6.3,1641723,792,388,729
Cheick Diallo,-4.2,-2.1,-6.3,1627767,697,733,729
Harry Giles III,-3.6,-2.7,-6.3,1628385,591,804,729
Damyean Dotson,-4.4,-1.9,-6.3,1628422,724,628,729
Cat Barber,-4.4,-1.9,-6.3,1627760,724,628,729
Alex Fudge,-4.1,-2.3,-6.4,1641788,683,774,741
Craig Sword,-4.6,-1.8,-6.4,1628591,752,581,741
Pete Nance,-4.5,-1.9,-6.4,1631250,739,628,741
Jacob Toppin,-4.2,-2.2,-6.4,1631210,697,757,741
Xavier Sneed,-4.5,-1.9,-6.4,1630270,739,628,741
Taze Moore,-4.2,-2.2,-6.4,1631386,697,757,741
Zavier Simpson,-4.5,-1.9,-6.4,1630285,739,628,741
Pat Spencer,-4.4,-2.0,-6.4,1630311,724,690,741
Zylan Cheatham,-4.4,-2.0,-6.4,1629597,724,690,741
Matt Mooney,-4.4,-2.0,-6.4,1629760,724,690,741
Tyler Johnson,-4.4,-2.0,-6.4,204020,724,690,741
Robin Lopez,-5.4,-1.0,-6.4,201577,798,366,741
Wayne Ellington,-4.5,-1.9,-6.4,201961,739,628,741
Georgios Kalaitzakis,-3.8,-2.7,-6.5,1630686,632,804,753
Kendall Brown,-5.1,-1.4,-6.5,1631112,787,464,753
D'Moi Hodge,-4.2,-2.3,-6.5,1641793,697,774,753
Dru Smith,-5.2,-1.3,-6.5,1630696,792,438,753
Emanuel Terry,-4.5,-2.0,-6.5,1629150,739,690,753
Jemerrio Jones,-4.5,-2.0,-6.5,1629203,739,690,753
Luca Vildoza,-4.7,-1.8,-6.5,1630492,763,581,753
Jabari Parker,-4.6,-1.9,-6.5,203953,752,628,753
Trayvon Palmer,-4.6,-1.9,-6.5,1629309,752,628,753
Tyrone Wallace,-4.3,-2.2,-6.5,1627820,711,757,753
Tony Snell,-4.5,-2.0,-6.5,203503,739,690,753
Colin Castleton,-4.3,-2.3,-6.6,1630658,711,774,764
Jamaree Bouyea,-4.7,-1.9,-6.6,1631123,763,628,764
D.J. Carton,-4.6,-2.0,-6.6,1630618,752,690,764
Alondes Williams,-4.6,-2.0,-6.6,1631214,752,690,764
PJ Dozier,-5.3,-1.3,-6.6,1628408,796,438,764
Gabriel Deck,-4.5,-2.1,-6.6,1630466,739,733,764
Wayne Selden,-4.6,-2.0,-6.6,1627782,752,690,764
Dakota Mathias,-4.7,-1.9,-6.6,1629751,763,628,764
Sam Dekker,-4.6,-2.0,-6.6,1626155,752,690,764
Abdel Nader,-5.2,-1.4,-6.6,1627846,792,464,764
Alfonzo McKinnie,-4.2,-2.4,-6.6,1628035,697,785,764
Trevor Ariza,-4.9,-1.7,-6.6,2772,776,547,764
Malik Williams,-4.8,-1.9,-6.7,1642013,770,628,774
Chance Comanche,-4.3,-2.4,-6.7,1628435,711,785,774
Brandon Williams,-4.0,-2.7,-6.7,1630314,667,804,774
Paul Watson,-4.5,-2.2,-6.7,1628778,739,757,774
Brandon Knight,-4.9,-1.8,-6.7,202688,776,581,774
James Ennis III,-4.7,-2.0,-6.7,203516,763,690,774
Paul Millsap,-5.0,-1.7,-6.7,200794,783,547,774
Elijah Hughes,-3.9,-2.9,-6.8,1630190,649,811,781
Michael Carter-Williams,-4.5,-2.3,-6.8,203487,739,774,781
Xavier Moon,-5.1,-1.7,-6.8,1629875,787,547,781
Ryan Arcidiacono,-6.3,-0.5,-6.8,1627853,815,281,781
Joe Johnson,-4.8,-2.0,-6.8,2207,770,690,781
Kobi Simmons,-4.7,-2.1,-6.8,1628424,763,733,781
Mychal Mulder,-4.7,-2.1,-6.8,1628539,763,733,781
Matthew Dellavedova,-5.4,-1.5,-6.9,203521,798,492,787
George King,-4.7,-2.2,-6.9,1628994,763,757,787
Jaysean Paige,-4.9,-2.0,-6.9,1629873,776,690,787
Ish Smith,-5.2,-1.7,-6.9,202397,792,547,787
D.J. Augustin,-4.2,-2.7,-6.9,201571,697,804,787
Kevin Pangos,-4.6,-2.4,-7.0,1630698,752,785,791
Tomas Satoransky,-5.1,-1.9,-7.0,203107,787,628,791
Langston Galloway,-5.5,-1.5,-7.0,204038,801,492,791
Brad Wanamaker,-5.2,-1.8,-7.0,202954,792,581,791
Melvin Frazier Jr.,-4.6,-2.5,-7.1,1628982,752,794,795
Damian Jones,-5.6,-1.5,-7.1,1627745,805,492,795
Mouhamed Gueye,-4.9,-2.2,-7.1,1631243,776,757,795
Emoni Bates,-4.4,-2.8,-7.2,1641734,724,809,798
Ben McLemore,-5.0,-2.2,-7.2,203463,783,757,798
John Wall,-6.3,-0.9,-7.2,202322,815,348,798
CJ Miles,-5.2,-2.0,-7.2,101139,792,690,798
Maxwell Lewis,-5.5,-1.8,-7.3,1641721,801,581,801
Keljin Blevins,-4.3,-3.0,-7.3,1629833,711,813,801
Ibou Badji,-5.5,-1.9,-7.4,1630641,801,628,805
Norvel Pelle,-5.4,-2.0,-7.4,203658,798,690,805
Tim Frazier,-5.7,-1.7,-7.4,204025,807,547,805
Rajon Rondo,-6.3,-1.1,-7.4,200765,815,388,805
Kent Bazemore,-6.2,-1.2,-7.4,203145,812,413,805
Thanasis Antetokounmpo,-4.9,-2.6,-7.5,203648,776,799,809
Derrick Favors,-6.6,-0.9,-7.5,202324,817,348,809
Ed Davis,-6.0,-1.5,-7.5,202334,810,492,809
Scotty Hopson,-5.6,-1.9,-7.5,203816,805,628,809
Udonis Haslem,-5.5,-2.1,-7.6,2617,801,733,812
Mouhamadou Gueye,-6.1,-1.7,-7.8,1631338,811,547,813
Semi Ojeleye,-5.6,-2.3,-7.9,1628400,805,774,815
Gorgui Dieng,-5.9,-2.0,-7.9,203476,809,690,815
Darren Collison,-5.8,-2.1,-7.9,201954,808,733,815
Nathan Mensah,-6.2,-2.2,-8.4,1641877,812,757,817
Justin Jackson,-6.6,-1.9,-8.5,1628382,817,628,818
Garrett Temple,-6.7,-2.1,-8.8,202066,819,733,819
